Mon Feb 12 21:51:10 JST 2024,        2
Mon Feb 12 21:51:10 JST 2024,        2
Mon Feb 12 21:51:12 JST 2024,        2
Mon Feb 12 21:51:14 JST 2024,        2
Mon Feb 12 21:51:16 JST 2024,        2
Mon Feb 12 21:51:18 JST 2024,        2
Mon Feb 12 21:51:20 JST 2024,        2
Mon Feb 12 21:51:22 JST 2024,        2
Mon Feb 12 21:51:24 JST 2024,        2
Mon Feb 12 21:51:26 JST 2024,        2
Mon Feb 12 21:51:28 JST 2024,        2
Mon Feb 12 21:51:30 JST 2024,        2
Mon Feb 12 21:51:32 JST 2024,        2
Mon Feb 12 21:51:34 JST 2024,        2
Mon Feb 12 21:51:36 JST 2024,        2
Mon Feb 12 21:51:39 JST 2024,        2
Mon Feb 12 21:51:41 JST 2024,        2
Mon Feb 12 21:51:43 JST 2024,        2
Mon Feb 12 21:51:45 JST 2024,        2
Mon Feb 12 21:51:47 JST 2024,        2
Mon Feb 12 21:51:49 JST 2024,        2
Mon Feb 12 21:51:51 JST 2024,        2
Mon Feb 12 21:51:53 JST 2024,        2
Mon Feb 12 21:51:55 JST 2024,        2
Mon Feb 12 21:51:57 JST 2024,        2
Mon Feb 12 21:51:59 JST 2024,        2
Mon Feb 12 21:52:01 JST 2024,        2
Mon Feb 12 21:52:03 JST 2024,        2
Mon Feb 12 21:52:06 JST 2024,        2
Mon Feb 12 21:52:08 JST 2024,        4
Mon Feb 12 21:52:10 JST 2024,        4
Mon Feb 12 21:52:12 JST 2024,        4
Mon Feb 12 21:52:14 JST 2024,        4
Mon Feb 12 21:52:16 JST 2024,        4
Mon Feb 12 21:52:18 JST 2024,        4
Mon Feb 12 21:52:20 JST 2024,        4
Mon Feb 12 21:52:22 JST 2024,        4
Mon Feb 12 21:52:24 JST 2024,        4
Mon Feb 12 21:52:26 JST 2024,        4
Mon Feb 12 21:52:28 JST 2024,        4
Mon Feb 12 21:52:31 JST 2024,        4
Mon Feb 12 21:52:33 JST 2024,        4
Mon Feb 12 21:52:35 JST 2024,        4
Mon Feb 12 21:52:37 JST 2024,        4
Mon Feb 12 21:52:39 JST 2024,        4
Mon Feb 12 21:52:41 JST 2024,        4
Mon Feb 12 21:52:43 JST 2024,        4
Mon Feb 12 21:52:45 JST 2024,        4
Mon Feb 12 21:52:47 JST 2024,        4
Mon Feb 12 21:52:49 JST 2024,        4
Mon Feb 12 21:52:51 JST 2024,        4
Mon Feb 12 21:52:53 JST 2024,        4
Mon Feb 12 21:52:56 JST 2024,        4
Mon Feb 12 21:52:58 JST 2024,        4
Mon Feb 12 21:53:00 JST 2024,        4
Mon Feb 12 21:53:02 JST 2024,        4
Mon Feb 12 21:53:04 JST 2024,        4
Mon Feb 12 21:53:06 JST 2024,        4
Mon Feb 12 21:53:08 JST 2024,        4
Mon Feb 12 21:53:10 JST 2024,        4
Mon Feb 12 21:53:12 JST 2024,        4
Mon Feb 12 21:53:14 JST 2024,        4
Mon Feb 12 21:53:16 JST 2024,        4
Mon Feb 12 21:53:18 JST 2024,        4
Mon Feb 12 21:53:20 JST 2024,        4
Mon Feb 12 21:53:23 JST 2024,        4
Mon Feb 12 21:53:25 JST 2024,        4
Mon Feb 12 21:53:27 JST 2024,        4
Mon Feb 12 21:53:29 JST 2024,        4
Mon Feb 12 21:53:31 JST 2024,        4
Mon Feb 12 21:53:33 JST 2024,        4
Mon Feb 12 21:53:35 JST 2024,        4
Mon Feb 12 21:53:37 JST 2024,        4
Mon Feb 12 21:53:39 JST 2024,        4
Mon Feb 12 21:53:41 JST 2024,        4
Mon Feb 12 21:53:43 JST 2024,        4
Mon Feb 12 21:53:45 JST 2024,        4
Mon Feb 12 21:53:47 JST 2024,        4
Mon Feb 12 21:53:49 JST 2024,        4
Mon Feb 12 21:53:52 JST 2024,        4
Mon Feb 12 21:53:54 JST 2024,        4
Mon Feb 12 21:53:56 JST 2024,        4
Mon Feb 12 21:53:58 JST 2024,        4
Mon Feb 12 21:54:00 JST 2024,        4
Mon Feb 12 21:54:02 JST 2024,        4
Mon Feb 12 21:54:04 JST 2024,        4
Mon Feb 12 21:54:06 JST 2024,        4
Mon Feb 12 21:54:08 JST 2024,        7
Mon Feb 12 21:54:10 JST 2024,        7
Mon Feb 12 21:54:12 JST 2024,        7
Mon Feb 12 21:54:14 JST 2024,        7
Mon Feb 12 21:54:16 JST 2024,        7
Mon Feb 12 21:54:18 JST 2024,        7
Mon Feb 12 21:54:21 JST 2024,        7
Mon Feb 12 21:54:23 JST 2024,        7
Mon Feb 12 21:54:25 JST 2024,        7
Mon Feb 12 21:54:27 JST 2024,        7
Mon Feb 12 21:54:29 JST 2024,        7
Mon Feb 12 21:54:31 JST 2024,        7
Mon Feb 12 21:54:33 JST 2024,        7
Mon Feb 12 21:54:35 JST 2024,        7
Mon Feb 12 21:54:37 JST 2024,        7
Mon Feb 12 21:54:39 JST 2024,        7
Mon Feb 12 21:54:41 JST 2024,        7
Mon Feb 12 21:54:43 JST 2024,        7
Mon Feb 12 21:54:45 JST 2024,        7
Mon Feb 12 21:54:47 JST 2024,        7
Mon Feb 12 21:54:49 JST 2024,        7
Mon Feb 12 21:54:52 JST 2024,        7
Mon Feb 12 21:54:54 JST 2024,        7
Mon Feb 12 21:54:56 JST 2024,        7
Mon Feb 12 21:54:58 JST 2024,        7
Mon Feb 12 21:55:00 JST 2024,        7
Mon Feb 12 21:55:02 JST 2024,        7
Mon Feb 12 21:55:04 JST 2024,        7
Mon Feb 12 21:55:06 JST 2024,        7
Mon Feb 12 21:55:08 JST 2024,        7
Mon Feb 12 21:55:10 JST 2024,        7
Mon Feb 12 21:55:12 JST 2024,        7
Mon Feb 12 21:55:14 JST 2024,        7
Mon Feb 12 21:55:16 JST 2024,        7
Mon Feb 12 21:55:18 JST 2024,        7
Mon Feb 12 21:55:21 JST 2024,        7
Mon Feb 12 21:55:23 JST 2024,        7
Mon Feb 12 21:55:25 JST 2024,        7
Mon Feb 12 21:55:27 JST 2024,        7
Mon Feb 12 21:55:29 JST 2024,        7
Mon Feb 12 21:55:31 JST 2024,        7
Mon Feb 12 21:55:33 JST 2024,        7
Mon Feb 12 21:55:35 JST 2024,        7
Mon Feb 12 21:55:37 JST 2024,        7
Mon Feb 12 21:55:39 JST 2024,        7
Mon Feb 12 21:55:41 JST 2024,        7
Mon Feb 12 21:55:43 JST 2024,        7
Mon Feb 12 21:55:46 JST 2024,        7
Mon Feb 12 21:55:48 JST 2024,        7
Mon Feb 12 21:55:50 JST 2024,        7
Mon Feb 12 21:55:52 JST 2024,        7
Mon Feb 12 21:55:54 JST 2024,        7
Mon Feb 12 21:55:56 JST 2024,        7
Mon Feb 12 21:55:58 JST 2024,        7
Mon Feb 12 21:56:00 JST 2024,        7
Mon Feb 12 21:56:02 JST 2024,        7
Mon Feb 12 21:56:04 JST 2024,        7
Mon Feb 12 21:56:06 JST 2024,        7
Mon Feb 12 21:56:08 JST 2024,        7
Mon Feb 12 21:56:10 JST 2024,        7
Mon Feb 12 21:56:13 JST 2024,        7
Mon Feb 12 21:56:15 JST 2024,        7
Mon Feb 12 21:56:17 JST 2024,        7
Mon Feb 12 21:56:19 JST 2024,        7
Mon Feb 12 21:56:21 JST 2024,        7
Mon Feb 12 21:56:23 JST 2024,        7
Mon Feb 12 21:56:25 JST 2024,        7
Mon Feb 12 21:56:27 JST 2024,        7
Mon Feb 12 21:56:29 JST 2024,        7
Mon Feb 12 21:56:31 JST 2024,        7
Mon Feb 12 21:56:34 JST 2024,        7
Mon Feb 12 21:56:36 JST 2024,        7
Mon Feb 12 21:56:38 JST 2024,        7
Mon Feb 12 21:56:40 JST 2024,        7
Mon Feb 12 21:56:42 JST 2024,        7
Mon Feb 12 21:56:44 JST 2024,        7
Mon Feb 12 21:56:46 JST 2024,        7
Mon Feb 12 21:56:48 JST 2024,        7
Mon Feb 12 21:56:50 JST 2024,        7
Mon Feb 12 21:56:52 JST 2024,        7
Mon Feb 12 21:56:55 JST 2024,        7
Mon Feb 12 21:56:57 JST 2024,        7
Mon Feb 12 21:56:59 JST 2024,        7
Mon Feb 12 21:57:01 JST 2024,        7
Mon Feb 12 21:57:03 JST 2024,        7
Mon Feb 12 21:57:05 JST 2024,        7
Mon Feb 12 21:57:07 JST 2024,        7
Mon Feb 12 21:57:09 JST 2024,        7
Mon Feb 12 21:57:11 JST 2024,        7
Mon Feb 12 21:57:14 JST 2024,        7
Mon Feb 12 21:57:16 JST 2024,        7
Mon Feb 12 21:57:18 JST 2024,        7
Mon Feb 12 21:57:20 JST 2024,        7
Mon Feb 12 21:57:22 JST 2024,        7
Mon Feb 12 21:57:24 JST 2024,        7
Mon Feb 12 21:57:26 JST 2024,        7
Mon Feb 12 21:57:28 JST 2024,        7
Mon Feb 12 21:57:30 JST 2024,        7
Mon Feb 12 21:57:32 JST 2024,        7
Mon Feb 12 21:57:34 JST 2024,        7
Mon Feb 12 21:57:37 JST 2024,        7
Mon Feb 12 21:57:39 JST 2024,        7
Mon Feb 12 21:57:41 JST 2024,        7
Mon Feb 12 21:57:43 JST 2024,        7
Mon Feb 12 21:57:45 JST 2024,        7
Mon Feb 12 21:57:47 JST 2024,        7
Mon Feb 12 21:57:49 JST 2024,        7
Mon Feb 12 21:57:51 JST 2024,        7
Mon Feb 12 21:57:53 JST 2024,        7
Mon Feb 12 21:57:55 JST 2024,        7
Mon Feb 12 21:57:58 JST 2024,        7
Mon Feb 12 21:58:00 JST 2024,        7
Mon Feb 12 21:58:02 JST 2024,        7
Mon Feb 12 21:58:04 JST 2024,        7
Mon Feb 12 21:58:06 JST 2024,        7
Mon Feb 12 21:58:08 JST 2024,        7
Mon Feb 12 21:58:10 JST 2024,        7
Mon Feb 12 21:58:12 JST 2024,        7
Mon Feb 12 21:58:14 JST 2024,        7
Mon Feb 12 21:58:16 JST 2024,        7
Mon Feb 12 21:58:18 JST 2024,        7
Mon Feb 12 21:58:21 JST 2024,        7
Mon Feb 12 21:58:23 JST 2024,        7
Mon Feb 12 21:58:25 JST 2024,        7
Mon Feb 12 21:58:27 JST 2024,        7
Mon Feb 12 21:58:29 JST 2024,        7
Mon Feb 12 21:58:31 JST 2024,        7
Mon Feb 12 21:58:33 JST 2024,        7
Mon Feb 12 21:58:35 JST 2024,        7
Mon Feb 12 21:58:37 JST 2024,        7
Mon Feb 12 21:58:39 JST 2024,        7
Mon Feb 12 21:58:42 JST 2024,        7
Mon Feb 12 21:58:44 JST 2024,        7
Mon Feb 12 21:58:46 JST 2024,        7
Mon Feb 12 21:58:48 JST 2024,        7
Mon Feb 12 21:58:50 JST 2024,        7
Mon Feb 12 21:58:52 JST 2024,        7
Mon Feb 12 21:58:54 JST 2024,        7
Mon Feb 12 21:58:56 JST 2024,        7
Mon Feb 12 21:58:58 JST 2024,        7
Mon Feb 12 21:59:00 JST 2024,        7
Mon Feb 12 21:59:02 JST 2024,        7
Mon Feb 12 21:59:05 JST 2024,        7
Mon Feb 12 21:59:07 JST 2024,        7
Mon Feb 12 21:59:09 JST 2024,        7
Mon Feb 12 21:59:11 JST 2024,        7
Mon Feb 12 21:59:13 JST 2024,        7
Mon Feb 12 21:59:15 JST 2024,        7
Mon Feb 12 21:59:17 JST 2024,        7
Mon Feb 12 21:59:19 JST 2024,        7
Mon Feb 12 21:59:21 JST 2024,        7
Mon Feb 12 21:59:23 JST 2024,        7
Mon Feb 12 21:59:26 JST 2024,        7
Mon Feb 12 21:59:28 JST 2024,        7
Mon Feb 12 21:59:30 JST 2024,        7
Mon Feb 12 21:59:32 JST 2024,        7
Mon Feb 12 21:59:34 JST 2024,        7
Mon Feb 12 21:59:36 JST 2024,        7
Mon Feb 12 21:59:38 JST 2024,        7
Mon Feb 12 21:59:40 JST 2024,        7
Mon Feb 12 21:59:42 JST 2024,        7
Mon Feb 12 21:59:44 JST 2024,        7
Mon Feb 12 21:59:46 JST 2024,        7
Mon Feb 12 21:59:49 JST 2024,        7
Mon Feb 12 21:59:51 JST 2024,        7
Mon Feb 12 21:59:53 JST 2024,        7
Mon Feb 12 21:59:55 JST 2024,        7
Mon Feb 12 21:59:57 JST 2024,        7
Mon Feb 12 21:59:59 JST 2024,        7
Mon Feb 12 22:00:01 JST 2024,        7
Mon Feb 12 22:00:03 JST 2024,        7
Mon Feb 12 22:00:05 JST 2024,        7
Mon Feb 12 22:00:07 JST 2024,        7
Mon Feb 12 22:00:10 JST 2024,        7
Mon Feb 12 22:00:12 JST 2024,        7
Mon Feb 12 22:00:14 JST 2024,        7
Mon Feb 12 22:00:16 JST 2024,        7
Mon Feb 12 22:00:18 JST 2024,        7
Mon Feb 12 22:00:20 JST 2024,        7
Mon Feb 12 22:00:22 JST 2024,        7
Mon Feb 12 22:00:24 JST 2024,        7
Mon Feb 12 22:00:26 JST 2024,        7
Mon Feb 12 22:00:28 JST 2024,        7
Mon Feb 12 22:00:31 JST 2024,        7
Mon Feb 12 22:00:33 JST 2024,        7
Mon Feb 12 22:00:35 JST 2024,        7
Mon Feb 12 22:00:37 JST 2024,        7
Mon Feb 12 22:00:39 JST 2024,        7
Mon Feb 12 22:00:41 JST 2024,        7
Mon Feb 12 22:00:43 JST 2024,        7
Mon Feb 12 22:00:45 JST 2024,        7
Mon Feb 12 22:00:47 JST 2024,        7
Mon Feb 12 22:00:49 JST 2024,        7
Mon Feb 12 22:00:51 JST 2024,        7
Mon Feb 12 22:00:54 JST 2024,        7
Mon Feb 12 22:00:56 JST 2024,        7
Mon Feb 12 22:00:58 JST 2024,        7
Mon Feb 12 22:01:00 JST 2024,        7
Mon Feb 12 22:01:02 JST 2024,        7
Mon Feb 12 22:01:04 JST 2024,        7
Mon Feb 12 22:01:06 JST 2024,        7
Mon Feb 12 22:01:08 JST 2024,        7
Mon Feb 12 22:01:10 JST 2024,        7
Mon Feb 12 22:01:12 JST 2024,        7
Mon Feb 12 22:01:14 JST 2024,        7
Mon Feb 12 22:01:17 JST 2024,        7
Mon Feb 12 22:01:19 JST 2024,        7
Mon Feb 12 22:01:21 JST 2024,        7
Mon Feb 12 22:01:23 JST 2024,        7
Mon Feb 12 22:01:25 JST 2024,        7
Mon Feb 12 22:01:27 JST 2024,        7
Mon Feb 12 22:01:29 JST 2024,        7
Mon Feb 12 22:01:31 JST 2024,        7
Mon Feb 12 22:01:33 JST 2024,        7
Mon Feb 12 22:01:36 JST 2024,        7
Mon Feb 12 22:01:38 JST 2024,        7
Mon Feb 12 22:01:40 JST 2024,        7
Mon Feb 12 22:01:42 JST 2024,        7
Mon Feb 12 22:01:44 JST 2024,        7
Mon Feb 12 22:01:46 JST 2024,        7
Mon Feb 12 22:01:48 JST 2024,        7
Mon Feb 12 22:01:50 JST 2024,        7
Mon Feb 12 22:01:52 JST 2024,        7
Mon Feb 12 22:01:54 JST 2024,        7
Mon Feb 12 22:01:57 JST 2024,        7
Mon Feb 12 22:01:59 JST 2024,        7
Mon Feb 12 22:02:01 JST 2024,        7
Mon Feb 12 22:02:03 JST 2024,        7
Mon Feb 12 22:02:05 JST 2024,        7
Mon Feb 12 22:02:07 JST 2024,        7
Mon Feb 12 22:02:09 JST 2024,        7
Mon Feb 12 22:02:11 JST 2024,        7
Mon Feb 12 22:02:13 JST 2024,        7
Mon Feb 12 22:02:15 JST 2024,        7
Mon Feb 12 22:02:18 JST 2024,        7
Mon Feb 12 22:02:20 JST 2024,        7
Mon Feb 12 22:02:22 JST 2024,        7
Mon Feb 12 22:02:24 JST 2024,        6
Mon Feb 12 22:02:26 JST 2024,        2
Mon Feb 12 22:02:28 JST 2024,        2
Mon Feb 12 22:02:30 JST 2024,        2
Mon Feb 12 22:02:32 JST 2024,        2
Mon Feb 12 22:02:34 JST 2024,        2
Mon Feb 12 22:02:36 JST 2024,        2
Mon Feb 12 22:02:38 JST 2024,        2
Mon Feb 12 22:02:41 JST 2024,        2
Mon Feb 12 22:02:43 JST 2024,        2
Mon Feb 12 22:02:45 JST 2024,        2
Mon Feb 12 22:02:47 JST 2024,        2
Mon Feb 12 22:02:49 JST 2024,        2
Mon Feb 12 22:02:51 JST 2024,        2
Mon Feb 12 22:02:53 JST 2024,        2
Mon Feb 12 22:02:55 JST 2024,        2
Mon Feb 12 22:02:57 JST 2024,        2
Mon Feb 12 22:02:59 JST 2024,        2
Mon Feb 12 22:03:02 JST 2024,        2
Mon Feb 12 22:03:04 JST 2024,        2
Mon Feb 12 22:03:06 JST 2024,        2
Mon Feb 12 22:03:08 JST 2024,        2
Mon Feb 12 22:03:10 JST 2024,        2
Mon Feb 12 22:03:12 JST 2024,        2
Mon Feb 12 22:03:14 JST 2024,        2
Mon Feb 12 22:03:16 JST 2024,        2
Mon Feb 12 22:03:18 JST 2024,        2
Mon Feb 12 22:03:20 JST 2024,        2
Mon Feb 12 22:03:23 JST 2024,        2
Mon Feb 12 22:03:25 JST 2024,        1
Mon Feb 12 22:03:27 JST 2024,        1
Mon Feb 12 22:03:29 JST 2024,        1
Mon Feb 12 22:03:31 JST 2024,        1
Mon Feb 12 22:03:33 JST 2024,        1
Mon Feb 12 22:03:35 JST 2024,        1
Mon Feb 12 22:03:37 JST 2024,        1
Mon Feb 12 22:03:39 JST 2024,        1
Mon Feb 12 22:03:41 JST 2024,        1
Mon Feb 12 22:03:43 JST 2024,        1
Mon Feb 12 22:03:46 JST 2024,        1
Mon Feb 12 22:03:48 JST 2024,        1
Mon Feb 12 22:03:50 JST 2024,        1
Mon Feb 12 22:03:52 JST 2024,        1
Mon Feb 12 22:03:54 JST 2024,        1
Mon Feb 12 22:03:56 JST 2024,        1
Mon Feb 12 22:03:58 JST 2024,        1
Mon Feb 12 22:04:00 JST 2024,        1
Mon Feb 12 22:04:02 JST 2024,        1
Mon Feb 12 22:04:04 JST 2024,        1
Mon Feb 12 22:04:06 JST 2024,        1
Mon Feb 12 22:04:09 JST 2024,        1
Mon Feb 12 22:04:11 JST 2024,        1
Mon Feb 12 22:04:13 JST 2024,        1
Mon Feb 12 22:04:15 JST 2024,        1
Mon Feb 12 22:04:17 JST 2024,        1
Mon Feb 12 22:04:19 JST 2024,        1
Mon Feb 12 22:04:21 JST 2024,        1
Mon Feb 12 22:04:23 JST 2024,        1
Mon Feb 12 22:04:25 JST 2024,        1
Mon Feb 12 22:04:27 JST 2024,        1
Mon Feb 12 22:04:29 JST 2024,        1
Mon Feb 12 22:04:32 JST 2024,        1
Mon Feb 12 22:04:34 JST 2024,        1
Mon Feb 12 22:04:36 JST 2024,        1
Mon Feb 12 22:04:38 JST 2024,        1
Mon Feb 12 22:04:40 JST 2024,        1
Mon Feb 12 22:04:42 JST 2024,        1
Mon Feb 12 22:04:44 JST 2024,        1
Mon Feb 12 22:04:46 JST 2024,        1
Mon Feb 12 22:04:48 JST 2024,        1
Mon Feb 12 22:04:50 JST 2024,        1
Mon Feb 12 22:04:52 JST 2024,        1
Mon Feb 12 22:04:55 JST 2024,        1
Mon Feb 12 22:04:57 JST 2024,        1
Mon Feb 12 22:04:59 JST 2024,        1
Mon Feb 12 22:05:01 JST 2024,        1
Mon Feb 12 22:05:03 JST 2024,        1
Mon Feb 12 22:05:05 JST 2024,        1
Mon Feb 12 22:05:07 JST 2024,        1
Mon Feb 12 22:05:09 JST 2024,        1
Mon Feb 12 22:05:11 JST 2024,        1
Mon Feb 12 22:05:13 JST 2024,        1
Mon Feb 12 22:05:16 JST 2024,        1
Mon Feb 12 22:05:18 JST 2024,        1
Mon Feb 12 22:05:20 JST 2024,        1
Mon Feb 12 22:05:22 JST 2024,        1
Mon Feb 12 22:05:24 JST 2024,        1
Mon Feb 12 22:05:26 JST 2024,        1
Mon Feb 12 22:05:28 JST 2024,        1
Mon Feb 12 22:05:30 JST 2024,        1
Mon Feb 12 22:05:32 JST 2024,        1
Mon Feb 12 22:05:34 JST 2024,        1
Mon Feb 12 22:05:37 JST 2024,        1
Mon Feb 12 22:05:39 JST 2024,        1
Mon Feb 12 22:05:41 JST 2024,        1
Mon Feb 12 22:05:43 JST 2024,        1
Mon Feb 12 22:05:45 JST 2024,        1
Mon Feb 12 22:05:47 JST 2024,        1
Mon Feb 12 22:05:49 JST 2024,        1
Mon Feb 12 22:05:51 JST 2024,        1
Mon Feb 12 22:05:53 JST 2024,        1
Mon Feb 12 22:05:55 JST 2024,        1
Mon Feb 12 22:05:57 JST 2024,        1
Mon Feb 12 22:06:00 JST 2024,        1
Mon Feb 12 22:06:02 JST 2024,        1
Mon Feb 12 22:06:04 JST 2024,        1
Mon Feb 12 22:06:06 JST 2024,        1
Mon Feb 12 22:06:08 JST 2024,        1
Mon Feb 12 22:06:10 JST 2024,        1
Mon Feb 12 22:06:12 JST 2024,        1
Mon Feb 12 22:06:14 JST 2024,        1
Mon Feb 12 22:06:16 JST 2024,        1
Mon Feb 12 22:06:18 JST 2024,        1
Mon Feb 12 22:06:21 JST 2024,        1
Mon Feb 12 22:06:23 JST 2024,        1
Mon Feb 12 22:06:25 JST 2024,        1
Mon Feb 12 22:06:27 JST 2024,        1
Mon Feb 12 22:06:29 JST 2024,        1
Mon Feb 12 22:06:31 JST 2024,        1
Mon Feb 12 22:06:33 JST 2024,        1
Mon Feb 12 22:06:35 JST 2024,        1
Mon Feb 12 22:06:37 JST 2024,        1
Mon Feb 12 22:06:39 JST 2024,        1
Mon Feb 12 22:06:41 JST 2024,        1
Mon Feb 12 22:06:44 JST 2024,        1
Mon Feb 12 22:06:46 JST 2024,        1
Mon Feb 12 22:06:48 JST 2024,        1
Mon Feb 12 22:06:50 JST 2024,        1
Mon Feb 12 22:06:52 JST 2024,        1
Mon Feb 12 22:06:54 JST 2024,        1
Mon Feb 12 22:06:56 JST 2024,        1
Mon Feb 12 22:06:58 JST 2024,        1
Mon Feb 12 22:07:00 JST 2024,        1
Mon Feb 12 22:07:02 JST 2024,        1
Mon Feb 12 22:07:05 JST 2024,        1
Mon Feb 12 22:07:07 JST 2024,        1
Mon Feb 12 22:07:09 JST 2024,        1
Mon Feb 12 22:07:11 JST 2024,        1
Mon Feb 12 22:07:13 JST 2024,        1
Mon Feb 12 22:07:15 JST 2024,        1
Mon Feb 12 22:07:17 JST 2024,        1
Mon Feb 12 22:07:19 JST 2024,        1
Mon Feb 12 22:07:21 JST 2024,        1
Mon Feb 12 22:07:23 JST 2024,        1
Mon Feb 12 22:07:25 JST 2024,        1
Mon Feb 12 22:07:28 JST 2024,        1
Mon Feb 12 22:07:30 JST 2024,        1
Mon Feb 12 22:07:32 JST 2024,        1
Mon Feb 12 22:07:34 JST 2024,        1
Mon Feb 12 22:07:36 JST 2024,        1
Mon Feb 12 22:07:38 JST 2024,        1
Mon Feb 12 22:07:40 JST 2024,        1
Mon Feb 12 22:07:42 JST 2024,        1
Mon Feb 12 22:07:44 JST 2024,        1
Mon Feb 12 22:07:46 JST 2024,        1
Mon Feb 12 22:07:49 JST 2024,        1
Mon Feb 12 22:07:51 JST 2024,        1
Mon Feb 12 22:07:53 JST 2024,        1
Mon Feb 12 22:07:55 JST 2024,        1
Mon Feb 12 22:07:57 JST 2024,        1
Mon Feb 12 22:07:59 JST 2024,        1
Mon Feb 12 22:08:01 JST 2024,        1
Mon Feb 12 22:08:03 JST 2024,        1
Mon Feb 12 22:08:05 JST 2024,        1
